Parameter,Frequency,50,150,250,350,450,550,650,750,850,950,1050,1150,1250,1350,1450,1550,1650,1750,1850,1950,2050,2150,2250,2350,2450,2550
Y_N_c,50,(-0.09060063659686347-0.022082064235234157j),(-0.16555187252942444+0.0334533947601411j),(-0.2943067249073828+0.1040839287910862j),(-0.21792847606968807+0.0630958262692806j),(-0.2559477716047051+0.06251122368715353j),(-0.24161456938386558+0.13434970450429998j),(-0.24904151413775863+0.012628046544943296j),(-0.24474740942565915+0.07810070237660756j),(-0.2421145085175545+0.08109367370459529j),(-0.24811590117445595+0.05959734461378748j),(-0.24316100643360591+0.05842337062683675j),(-0.2441264568913942+0.055524148491423356j),(-0.24461573011266563+0.06766243874990607j),(-0.24432454625201416+0.05534589310396253j),(-0.2435432257796361+0.04644761040546955j),(-0.24373527880799598+0.059575556885455225j),(-0.24399124560608954+0.055526208382089146j),(-0.24383020993080712+0.04560626669147038j),(-0.24333483816484633+0.05129792493422831j),(-0.24324529150581237+0.051359773885912195j),(-0.24390997264147235+0.04735495097598217j),(-0.24300652660661975+0.046083285108952876j),(-0.24304019923902603+0.047565723034459j),(-0.24341076871452336+0.04665619336925193j),(-0.24311916568043015+0.044841693526335664j),(-0.24305315106244538+0.04479898453354048j)
Y_N_c,150,(0.044301873478062824+0.17714812672613336j),(0.019264736261844297-0.010243258773574846j),(0.40890402681509436-0.05577729348499201j),(-0.07052114776474612-0.01508206778128779j),(0.2500895150649144-0.04637469808744281j),(0.19444859676835938-0.1374722291285747j),(0.1629632482765238+0.0984418914551185j),(0.14363958143531091-0.06645455901512207j),(0.20079278095858671-0.03460496666082398j),(0.18683211030230368-0.0006707007379969548j),(0.14223235858424133-0.007773294377790599j),(0.1703101570000888-0.0005710796177781851j),(0.19631518383414764-0.01037035658320335j),(0.16225746853485995+0.0058726480565749325j),(0.15922802060408928+0.01877656523761965j),(0.18041555458053016-0.002093871008221024j),(0.17681996944596398+0.010636696430373096j),(0.16373324227589123+0.024386460495617768j),(0.16730485718915786+0.012101047231837084j),(0.17653230433792974+0.01769699134172042j),(0.17167684087541274+0.02444390802974146j),(0.16436232449518645+0.02440867005290059j),(0.1729977840671429+0.02320796227921517j),(0.17366267249802683+0.02685072742672103j),(0.16804309716334317+0.02931606471662153j),(0.16922452186916354+0.028193754751186045j)
Y_N_c,250,(0.10301635039320914-0.1574613819902047j),(0.13113978897877396+0.10183662485930031j),(-0.49361234434199647-0.13320254229230424j),(0.44745879196438143+0.08664421707397957j),(-0.30993000451947444+0.09026068582837828j),(-0.046736917742000686-0.006100917805356399j),(-0.040600840934776415-0.06790714693062493j),(-0.03667379147589879+0.09917365331152024j),(-0.11647584403012722-0.054124202190098315j),(-0.06823595869861927-0.017481995884790626j),(-0.01900152709430466+0.014619767858552688j),(-0.0746769443179905-0.008619844477546486j),(-0.08808873544074894-0.04542343773336061j),(-0.0434328462809141-0.01735905473617687j),(-0.04808704441030818-0.016752209000480047j),(-0.07915932212602944-0.028932145968057266j),(-0.06246815910314362-0.04109458552429614j),(-0.04896475307322997-0.029926179682817633j),(-0.0596799642773541-0.02539188972020592j),(-0.06758794304235459-0.04651250581564585j),(-0.05749884120443348-0.04179245495446147j),(-0.051667004359015264-0.03563547665086357j),(-0.06588451340497065-0.04430653006972082j),(-0.0616665356005012-0.04890771011493514j),(-0.05431875284379987-0.04527589317106847j),(-0.05932105106212554-0.04351775421215587j)
Y_N_c,350,(-0.11731944679770932+0.005123209808632541j),(-0.12729084131292204-0.20282873316554148j),(0.38842778200768796+0.3519856931691585j),(-0.6288128362529364-0.23742014183309612j),(0.46667909990758083-0.07000790353620082j),(-0.2637213294206722+0.17588978170926514j),(0.038414560051788046-0.08938937075951535j),(-0.0008849832397623306-0.07964023794529321j),(-0.0011600130310182545+0.13086143236428055j),(-0.043263529021228216-0.023764647969007808j),(-0.021316343799103125-0.02797575246590953j),(0.018771471977067918+0.008786900941220362j),(-0.040954085432161044+0.05628874933018612j),(-0.02392278979464128-0.005705653014548774j),(-0.003792388758505119-0.007364778169475811j),(-0.007829911524392304+0.0373926091064353j),(-0.028898849056078656+0.026222406924818534j),(-0.013412026358366358+0.00041147437808607015j),(-0.0062437932459349825+0.015221438379664809j),(-0.01760422929160628+0.036521202023107664j),(-0.019487900819970125+0.015641394782078225j),(-0.012238024972521595+0.0141032352866638j),(-0.008200550841791884+0.031019819262831455j),(-0.018120394628165424+0.02755048668783371j),(-0.015954509795615763+0.02020218131318631j),(-0.009126434049905398+0.022698041696184525j)
Y_N_c,450,(-0.0058701880761921794+0.058084572460151786j),(0.01582216858876851+0.16207995549558762j),(-0.12941753025499356-0.3993050784467615j),(0.5125630948781298+0.30191814513402565j),(-0.5697026652607844-0.10335778920663251j),(0.6153779378954936-0.18612587183104576j),(-0.21842525382778055+0.2327306648968687j),(0.05199402316255701-0.07907360270303652j),(0.09479422833612589-0.10381583109210164j),(0.07975101250278457+0.0778551230093932j),(-0.008162525593312358-0.02897833552914878j),(0.022179275944944225-0.02855224271818693j),(0.10889819494484389-0.01333456178444168j),(0.018205762477111663+0.007345541576577292j),(0.011946538229045513-0.012103535554970271j),(0.05871325120045617-0.03377297819350681j),(0.05123736780341811+0.0010352651310765436j),(0.016687454791501345-0.0006302708444154657j),(0.028986085183826324-0.023255538430022694j),(0.04859915350788436-0.01643021346101387j),(0.032468555268585976+0.0017877938272337192j),(0.021206669045593547-0.014379718329258865j),(0.03486308218067435-0.02084496677466154j),(0.0379470978837285-0.006585858581244116j),(0.0248712231533646-0.007783622848855915j),(0.025785064991256917-0.0148455843207424j)
Y_N_c,550,(0.07401351261593814+0.011591638163169432j),(0.03852447717671042-0.004722135516852053j),(-0.07631389424666622+0.21995280393722383j),(-0.23973363375496742-0.19238543913220912j),(0.45696571596533103+0.30268297240617525j),(-0.7690087156221335+0.009546206075009105j),(0.47413863768635417-0.2214351669040916j),(-0.2423733426831989+0.2814267483156087j),(-0.05817538747566158-0.06010037435228319j),(-0.04388471701015831-0.05157950486397677j),(0.013476897882588339+0.12416494375653443j),(-0.07738718341130642+0.020896925334046593j),(-0.06459121899532622-0.021625307577205717j),(0.005003063672732051+0.03013160423278834j),(-0.0371713174353198+0.053203634308734406j),(-0.06389504664050612+0.014187746625603109j),(-0.02020200942829413+9.737632861214697e-05j),(-0.015197977513637568+0.03571507080403585j),(-0.040646400418632836+0.035787522178574734j),(-0.034365682084737836+0.006118887540910582j),(-0.016331258798376283+0.014806310117106704j),(-0.020649084168242536+0.035660195904852275j),(-0.035350238017002024+0.017640036711706653j),(-0.021908355864612972+0.009564284251497138j),(-0.013284637759873524+0.022980892862310563j),(-0.02579457740633583+0.02393604895670455j)
Y_N_c,650,(-0.02277041653721981-0.05950240062306289j),(0.013199915474480475-0.10068009221358279j),(0.08066313541302843+0.023076361444219606j),(0.02247362149824655-0.004509139960003034j),(-0.19299399627897018-0.31927372655641184j),(0.6061849644238334+0.17485357173533575j),(-0.6122941708490098+0.0483330725857103j),(0.5244976353469322-0.32306462551920234j),(-0.16987020200401723+0.25759867542324416j),(0.0337370627369809-0.0992108018281918j),(0.028984978548130542-0.12425495225767152j),(0.09419790526848998+0.04455019858927235j),(-0.03856778934995799-0.019744213722192757j),(0.009281033865386168-0.055620191619381434j),(0.06775423633186536-0.04571896049302495j),(0.01622052259658364+0.009666088445594292j),(-0.007292608612486902-0.030240379760331764j),(0.0307796062515127-0.049431470118662106j),(0.036094989869824796-0.018381428004458383j),(0.00014269847896085632-0.009772344794605394j),(0.010043288971408762-0.037147406499797274j),(0.024564608133841613-0.03385959443538122j),(0.017423168887974162-0.007275000181149554j),(0.002784488266329237-0.022987820560790826j),(0.01094687508881308-0.03191305763208402j),(0.021378849424777177-0.019769562981117678j)
Y_N_c,750,(-0.02652785867988214+0.014541422698673317j),(-0.06157496884297713+0.06815912839064352j),(0.05061755774243852-0.12944001252206142j),(0.04923604454747639+0.12509078327001602j),(0.00898438755708984+0.1320115754032174j),(-0.2631989950895129-0.18511806532285474j),(0.5215825178171356+0.1453455826846331j),(-0.6783226951453928+0.1411832935267221j),(0.49012484646061816-0.3161660651016503j),(-0.15268793153679475+0.29008729150879226j),(-0.016305460301502293-0.04314077020517924j),(-0.022788199182642972-0.07557050073798399j),(0.08580158356119133+0.10692053167641377j),(-0.04434428779583149+0.01409697141687403j),(-0.03358031779444364-0.0038695922244078008j),(0.051508050235528305-0.0032957109990833706j),(-0.0014837828198811193+0.04652949568470316j),(-0.02455527783796951+0.01359080971530817j),(0.005555170353762253-0.011065006918784504j),(0.025550465509866796+0.02241920917339794j),(-0.010222407834947473+0.02795186418575225j),(-0.00573129041598587+0.001194754801106337j),(0.01701754965075948-0.0010163070066498468j),(0.007911488635613308+0.024273506471868756j),(-0.00481022242282845+0.011441895488560968j),(0.0021676768962924165+8.235159066947344e-05j)
Y_N_c,850,(0.0026492607719593585+0.03174667767371204j),(0.020734457114682605+0.013980398157370637j),(-0.13420979470742725+0.06826500733842013j),(-0.033646087999052776-0.09942021604083798j),(-0.018465772954551533+0.06000035699155392j),(-0.007513545752056168+0.02902573208802301j),(-0.27531062327851535-0.20827468926657566j),(0.5546734223135337+0.08662017746016785j),(-0.6748129752123859+0.17458447546354655j),(0.37908018373218566-0.36135461641741845j),(-0.15252847684896192+0.2735313313222374j),(-0.04739641114566805-0.049855776712747955j),(-0.03840944584166835-0.11228452002589531j),(0.038588963394673104+0.06580752778378653j),(-0.06383920077558104+0.007495907097054061j),(-0.0648937958365077-0.03095315020461002j),(0.018321366608291527-0.01883151938722099j),(-0.027862001098028073+0.025440613735754562j),(-0.05221982603107006+0.00433000561790598j),(-0.02401006939828091-0.027238132167048186j),(-0.0076402429057783015+0.005563153890182822j),(-0.03658720354920862+0.017147062388401826j),(-0.04035228782242301-0.00927894798735327j),(-0.014438866018463488-0.008729296776325163j),(-0.019854792685056296+0.014223234326156626j),(-0.03508642111243166+0.0047056691786330805j)
Y_N_c,950,(0.027802876714404675-0.016144710074255733j),(0.05171083789961115-0.03173951253037129j),(0.08138715019829447+0.02558312426945861j),(0.018317033759315243-0.00019791677498122632j),(0.10042113706355756-0.09425650923720029j),(0.07773475060104357+0.11961160106962387j),(0.05475778856963493+0.11394184367158985j),(-0.25885895527605624-0.14911647046656812j),(0.5700215259342646+0.028074450853095328j),(-0.5540443282014613+0.23637204367898257j),(0.4196219492327506-0.3747748554016197j),(-0.04838015327210282+0.2847143557530449j),(-0.0020824887804110235-0.04696483630893713j),(0.017577901009774143-0.07738174935249748j),(0.11661307833680287+0.06144436136384806j),(-0.0031128676815783893+0.027868006054110255j),(0.002952130845321068-0.02127220015350702j),(0.07562790152330043-0.014952884817454031j),(0.04103623956259177+0.029978261482777165j),(0.007132889082591881+0.006024969519927325j),(0.03743868043752868-0.021742203360771633j),(0.05314274886626023+0.003485353390921325j),(0.023802506059978905+0.019955701658685217j),(0.020243534768478563-0.010209712651983081j),(0.04006224024652206-0.012220458066269476j),(0.038427559946623+0.01123376843624706j)
Y_N_c,1050,(-0.011837055946824363-0.010540393874015322j),(-0.0565879518210739-0.00542583469562521j),(0.028833462840951934-0.03177781081575346j),(-0.022630199229643155+0.061615564058390734j),(-0.09352205082994576+0.023686506315673955j),(-0.023472995929690765-0.12480783113988288j),(0.018045046050491204+0.02527637275179541j),(0.027030251225226377+0.03104382879927254j),(-0.266156867780308-0.10479117931080337j),(0.5251916272384278-0.018523694214138908j),(-0.5902576891821693+0.26787837659540625j),(0.32004480137080743-0.41177850634776175j),(-0.09453811440044797+0.285788755794118j),(-0.03944346598346643-0.050436705287886116j),(-0.05364253335122039-0.09022510949270177j),(0.07098480293898275+0.04687544986672342j),(-0.053644200932565694+0.013551688331084746j),(-0.04864339716834107-0.01942623584286114j),(0.021514683448037374-0.02767283922067154j),(-0.007588196296700722+0.029406092492534217j),(-0.039387142222111024+0.003936213345503407j),(-0.014815738057836456-0.022593365059051344j),(0.011825127940218713+0.0008636013931853824j),(-0.021156692739059832+0.01662113841279548j),(-0.023626799461119185-0.006898130854241397j),(-0.00355794166654671-0.012731917773565806j)
Y_N_c,1150,(-0.01216464239396837+0.0028923457234825726j),(-0.001321263106966611+0.01597196005297223j),(-0.07446259058744807-0.030752492175063796j),(0.015897862946031835-0.04785304740444949j),(0.003714545840726681+0.005656080809371262j),(-0.013246754511397599+0.01966352709616436j),(0.026186604588745287-0.08531670865075544j),(0.02728644463362004+0.09811983290582589j),(0.004505153661385128+0.02295527788825833j),(-0.30954619897203334-0.11134037668566683j),(0.5204058015212181-0.07126063526373846j),(-0.5506227306597226+0.29187267258774907j),(0.31746191997632056-0.4127701387195172j),(-0.06837656430786737+0.2538274574305478j),(-0.03229883973534194-0.041902858915555j),(-0.045729409963584815-0.10150417082215164j),(0.06932601933836713+0.042446381027547594j),(-0.038532710692449804+0.004105400939307137j),(-0.04698764536728205-0.024024957800096353j),(0.028283448739026697-0.03824579570046942j),(-0.0035623510879301016+0.01460170983417497j),(-0.031868290663216226-0.003645491565383762j),(-0.01698651269183202-0.03741853644737379j),(0.009741692554241971-0.0077157718680803695j),(-0.017128351952216708+0.004935569520029446j),(-0.024556291646768102-0.01705672834956743j)
Y_N_c,1250,(0.00786468820822931+0.011758070588498355j),(0.03725431999939994+0.016299800864890857j),(0.034735198719843645+0.06373876984418535j),(0.012046426716838731+0.004081998168128457j),(0.049985861075123775+0.036043037995486395j),(-0.012301280577735324+0.06591793998730511j),(-0.07095875367989472+0.050108809213768764j),(0.009826144935052688-0.10578299581979538j),(0.06757714791268148+0.07486481212457233j),(0.07285106499462815+0.069187355704976j),(-0.26923999801764037-0.04089315418912453j),(0.5200605665235329-0.048722903135928135j),(-0.4977056046528866+0.32481512788575684j),(0.2860707405446594-0.3752580471620511j),(-0.023528209284487272+0.2812038253145441j),(-0.025771386064020695+0.0009231642403715228j),(-0.01777585101433479-0.05960435905737712j),(0.08751904752129275+0.0661223863172073j),(-0.011261493886996866+0.045539992530336644j),(-0.024913804560291856+0.008842520137928208j),(0.04848237125799391+0.000411758099850349j),(0.02294091962855439+0.046492085518931595j),(-0.009313598975773892+0.03594962223329713j),(0.01224305923123808-0.0017725904047633803j),(0.03352451501527828+0.022591079050114145j),(0.010418671271703378+0.039179058229611846j)
Y_N_c,1350,(0.003684076462378076-0.006081848002682292j),(-0.016836927776233065-0.0322407639602354j),(0.0138969621120243-0.02559085582199615j),(-0.032384194234217845+0.0181820773830528j),(-0.02492818080599315-0.06088702017881435j),(0.039846697421795044-0.061945887636101j),(0.048742787998668394+0.00016183074515908785j),(-0.011553528395195604+0.02770019625449719j),(-0.011949284116716924-0.06362869759919841j),(0.03566976232733688+0.05711983274545813j),(0.02683379163062495+0.012045735200963947j),(-0.26674109451669553-0.08206771001541475j),(0.47338714940492566-0.11910998081277069j),(-0.46507233521793695+0.31570324968938557j),(0.24165117425210497-0.42390814409952754j),(-0.014027784572211403+0.23842575961806678j),(-0.03433997359593477-0.045588662913305086j),(-0.04086635352569642-0.08929760918498642j),(0.07512284480093691+0.01752556352827563j),(-0.02835660597220522+0.008867871535493881j),(-0.037279629305565214-0.027571238313303922j),(0.026183397800102176-0.04000603963720677j),(0.012392355985604734+0.010945309228002261j),(-0.025380976795014464-0.0037110372006701796j),(-0.007472282490611748-0.033961778560333764j),(0.016490276617629022-0.014499428864330602j)
Y_N_c,1450,(-0.0011950371697640996-0.0036268164828736254j),(-0.010972873767136945+0.0029760120189706147j),(-0.011481750033179675-0.031467502656866396j),(0.02114489534392796-0.013470475583107237j),(-0.00742911105732818+0.02271148153268189j),(-0.017067125842422384+0.010025912901385839j),(0.008123200292281616+0.001042501988685879j),(-0.03415174217198521+0.02501324302358818j),(-0.03139552418112942-0.021447498381942605j),(-0.016699120939755542-0.12235935028017442j),(0.07103260885876353+0.06266611932879322j),(0.026967025013898558+0.02297268469612312j),(-0.26523949076054043-0.02299664453234794j),(0.4567465524042753-0.1397474294345732j),(-0.4435938473221816+0.34039505107091045j),(0.21957887371583418-0.41589630138420786j),(-0.020184419972789962+0.23826191469332697j),(-0.02750797764023747-0.030012174751156764j),(-0.045634890433241905-0.08052290081021889j),(0.07810756139980593+0.026545247303061747j),(-0.02476042865453266+0.012275138133519015j),(-0.03432752740630207-0.014592574479377925j),(0.02738459795703165-0.04039707582438778j),(0.009601587081961892+0.016041364664424844j),(-0.01918922084425793+0.002416198281435857j),(-0.007101258425246547-0.029083618210979618j)
Y_N_c,1550,(-0.0037101651025851956+0.0022127702318918228j),(0.004637272612741812+0.02813343674754992j),(-0.02059489507444031+0.04416158191323068j),(0.007326524128226458+0.004734460954709517j),(-0.00801499510894536+0.022767469327430713j),(-0.03077614890820951+0.018720739528535528j),(-0.035533289159072196-0.036840400765704204j),(0.05550135019999766-0.01713755539807771j),(0.019538928565071847+0.062020521919768874j),(-0.020406815266798113+0.07889262663064478j),(-0.04513779089500566-0.0711923095585841j),(0.03921660695167152+0.08480334574580745j),(0.039611688939913216+0.017503707307137226j),(-0.2678525282767231-0.0009345710374599319j),(0.43858148738719466-0.1272083142479204j),(-0.430564322070602+0.36338815083080633j),(0.19623866989565106-0.3738225112916653j),(-0.012194649354335984+0.24561941410577454j),(-0.03725833990127237+0.0032592483582325905j),(-0.051731654480391506-0.059116611645047286j),(0.06421503736903736+0.04857551320881988j),(-0.02691081715971114+0.03653639496542491j),(-0.04801349373487829+0.012433806804088794j),(0.022175750457482855-0.009930581326655849j),(0.0027170195503894382+0.03733391567681867j),(-0.02606010507490135+0.03060545486461509j)
Y_N_c,1650,(0.0014861297823814922+0.0009869739300093839j),(0.012641462837343574-0.019717355425610684j),(0.028321604399550473-0.014590809332473382j),(-0.02116646946073037-0.0031334830698930873j),(0.035643326013489365-0.020210817651466893j),(0.04636488644808359-0.0102655379709134j),(0.020992165491594165+0.048321667546548215j),(-0.022958431923767734+0.000416372743164987j),(-0.007901488782129486-0.01953402315894914j),(0.00041700835225427335+0.0005255267123082154j),(-0.00016902338670344338+0.006956493715481296j),(0.008105914174860939-0.09369444367625505j),(0.06286666137250008+0.058259546942496965j),(0.045503646871840574+0.016102362185679994j),(-0.24107454573930417-0.016864546185955325j),(0.4354693670322409-0.15124499534882585j),(-0.37150720469891513+0.338894841534158j),(0.18322434695358328-0.3912354299216278j),(0.02104331285784948+0.21271549578429005j),(-0.021421070144281292-0.018955777078923434j),(-0.030418546853975284-0.07359070730450205j),(0.07986157663623676+0.017194005314769126j),(-0.0039195592056341455+0.019192500548785258j),(-0.025807788305333243-0.014791805942638512j),(0.0350909438633055-0.03256734486729414j),(0.023546406512232918+0.011289828481250765j)
Y_N_c,1750,(0.00036871358586706765+5.6071469346644434e-05j),(-0.005199535858482133-0.007744016163122626j),(-0.0008051154342296501-0.009561798086674603j),(0.01080226676111612+0.0014043980613819079j),(-0.025429979092272546-0.005485385542566219j),(-0.01708310904391635-0.00036974703795102j),(-0.0030848018397909667-0.016756026660862153j),(-0.017588077815191703-0.012615668552955253j),(0.027912841885735257-0.038441543703389404j),(0.04857743598869948-0.03206415601236625j),(0.006914544876117573+0.05136331055347948j),(-0.02780499549541656+0.022080805102471086j),(-0.04626817425900592-0.08443025931940727j),(0.06487558681200505+0.04428103561563767j),(0.030667455696681865+0.005583882136350367j),(-0.2304941623697357-0.006444775858144272j),(0.3929412864417518-0.17485137493192457j),(-0.35495809101928977+0.3487234948293462j),(0.15497405720660895-0.3868635825035415j),(0.014658692076522935+0.21265620802411928j),(-0.02704839329066579-0.0207932251459868j),(-0.04437096547208042-0.06633932897042162j),(0.07433567287843469+0.012386561831095311j),(-0.016860001420455344+0.017933634475433908j),(-0.03127111259578656-0.008879742738527997j),(0.023760774942205756-0.031901641685007434j)
Y_N_c,1850,(0.0007102052216992428+0.00014789827553118994j),(-0.015143033125766994+0.01327076274372677j),(-0.025760336879224507+0.003683120017627492j),(0.005345760721334946+0.004794640039289824j),(-0.006297030984345567+0.00467593367859379j),(-0.018578192136455444-0.007849791588122145j),(0.008859143354659682-0.019819954399487905j),(0.022922824392357037+0.029007015588762175j),(-0.04024545252975686+0.050109518707467396j),(-0.059913682007291996+0.013138646610708675j),(0.0017123178420629874-0.0481268417584791j),(-0.01300399808328917+0.018965090031524565j),(0.006586540294070043+0.03278253093734117j),(-0.047169527435677566-0.07269822851841466j),(0.0509095917812071+0.06871037592291203j),(0.009175791033929011+0.0012539112313243667j),(-0.24239984060832434+0.025372206496710903j),(0.369799379482594-0.17490166646177152j),(-0.35250274163834494+0.3577016057325508j),(0.13385945077580313-0.37361353633128264j),(0.003251969450765803+0.20839369224112791j),(-0.03613986937263779-0.007380382615749604j),(-0.06364168325234511-0.06136440946857939j),(0.05764006494310411+0.02399413370212868j),(-0.02696196444304477+0.021560922765845793j),(-0.04699528017056886+0.00027796573682383266j)
Y_N_c,1950,(1.0874975030403982e-05-0.0012970922230446037j),(0.01494603439371735+0.0018317064094613038j),(0.023258437393732616+0.011578866066305147j),(-0.008941626718269487-0.007778440611723582j),(0.013734122356395371+0.017406463093315172j),(0.026346502182335908+0.017985547289386526j),(-0.022111059532536843+0.023336077584684634j),(-0.007177508719960781-0.016753002314138482j),(0.009963181260510583-0.030202352462450673j),(0.021363558036622415+0.002051168075718627j),(0.01064916808331939+0.005032033276565734j),(0.04409254437732049+0.005234991963467935j),(-0.004835324344659939+0.03124591091179299j),(-0.007193136904690855+0.030983866899554423j),(-0.026189262059793248-0.08269033676781846j),(0.0669030156226776+0.06980200276450918j),(0.043731677024547284+0.007985111308968812j),(-0.21841032104040142+0.026154827910636343j),(0.37631115087335676-0.17426320649661328j),(-0.3134979639761395+0.35394601776441126j),(0.1341247107506509-0.3536608063033153j),(0.03027523765072728+0.19851460426788473j),(-0.018110427610375363+0.0038531010427651047j),(-0.0361158375022082-0.05652043234539187j),(0.07195177094754113+0.0232698696000647j),(-0.0015939240784034175+0.026362283817513488j)
Y_N_c,2050,(-0.0006578661159074103-0.0004941849129560106j),(0.004487192481341875-0.00693083368528171j),(-0.003510005360556925-0.009448359498325776j),(0.0017464730969693188+0.0017841172504416366j),(0.003617161702072007-0.02143409267606889j),(-0.01166556849345841-0.00907872136619887j),(0.016735003074621533-0.001736669648155445j),(0.004126148299947896-0.011417721485497698j),(0.034742152675272114+0.01944024231179895j),(0.019872237809946278+0.0139545498600672j),(-0.03460349709151765+0.02552984873478286j),(-0.027337300391361775-0.030289400535669423j),(0.02137376331872601-0.046992363717480015j),(0.019739450478773707+0.024825038020283664j),(0.0006456880969053972+0.025695493942798027j),(-0.026749199587710996-0.07082010504052279j),(0.06289147851796734+0.041095297453904375j),(0.03128591146698072+0.0018813526068892205j),(-0.20961499960853627+0.02164910807572937j),(0.346105595732853-0.1850917083733263j),(-0.2885682387712427+0.34091441813073314j),(0.11314116668495867-0.3555261121439807j),(0.03644833697307391+0.18459954491371486j),(-0.025119133050011226-0.010057602132681637j),(-0.04104290683253705-0.05787744705905152j),(0.06530182892558821+0.00983119247772227j)
Y_N_c,2150,(-0.001710881013078031+0.0017056145221570804j),(-0.01325669540391094-0.0043434760448811975j),(-0.0065389952521670595-0.007048732198400474j),(0.0037959246122361953+0.006119939247113584j),(-0.009783210345289346+0.002659516352568337j),(-0.0008737403061107314-0.011803106565422076j),(0.002525931309359605-0.010803228130244437j),(-0.013285657214269936+0.02180000510423509j),(-0.046753528232468644-0.01834915739728299j),(-0.02583755605170438-0.03408824140570506j),(0.03537474110357606-0.026584086799070542j),(0.0034105078980724724+0.008703951246714104j),(-0.015153761303573087+0.02131980537523467j),(0.0041711069867493445-0.030945236486422983j),(-0.018422275150930336+0.025316699535907698j),(-0.00668430522026839+0.0008198363680111278j),(-0.051971405218475306-0.07082202374789737j),(0.06033861775904056+0.04444858226953198j),(0.012990219560566658-0.006778098396431123j),(-0.20258900196859037+0.03183777220815735j),(0.31962373216783413-0.1964284881722231j),(-0.2829673477501952+0.34148990644756383j),(0.09162412219621148-0.3568616280815055j),(0.024476759571942088+0.17926909310132377j),(-0.02869088763527514-0.011637147076029612j),(-0.05312471103796646-0.05890598805276292j)
Y_N_c,2250,(0.002506827173474503+0.00037626920323249305j),(0.002260986005975495+0.009604997595368854j),(0.0009981558324392355+0.016279228967365177j),(-0.0028483538121786478-0.005604016384246248j),(-0.005101286228962943+0.007703985894261453j),(0.0024472737495607384+0.021630761026581846j),(-0.00947597655211727+0.0013742451072284066j),(0.010627872740009304-0.010414761240602501j),(0.025635111684015072+0.003816387144568019j),(0.00937415091927106+0.025450994071319972j),(-0.005966818791750597+0.019587140688448076j),(-0.009974028871843439+0.028442734759837437j),(-0.013730073450798887+0.0027546974695098645j),(-0.01714516658674607-0.007054072085182455j),(0.03876225570345818-0.02551353122481781j),(-0.00903619120623232+0.04439772078127085j),(0.0038207400049056145+0.03563164390948486j),(-0.0456831844369704-0.0635125355870303j),(0.06527639848626356+0.060026941834468356j),(0.019998518403187844-0.003139680262640342j),(-0.19989737421172102+0.049750459029486396j),(0.3156509905861766-0.18824854152121634j),(-0.26715377776650767+0.35166370544245645j),(0.09231179070213094-0.32900365731481257j),(0.029974149064818892+0.18012909744052608j),(-0.02223062355207227+0.007255432563683148j)
Y_N_c,2350,(0.00042537642340184504-0.0008232991840035898j),(0.007249020982352326+0.0006234234453014979j),(0.0050076595829145806-0.009772176528436963j),(0.00015633321859547813-0.0023544845251855196j),(0.015148622437868603+0.0024434027088644185j),(-0.0025728592695198112-0.012320794418887258j),(-0.003935983031300413+0.012124988254836648j),(0.0070876714387878015+0.0008678122177177612j),(-0.0065449804459908785+0.0202639038108313j),(-0.003506563846980703+0.004539731856886161j),(-0.02464593721384856-0.020650049515463564j),(0.023571813608790553-0.03517563544435331j),(0.032631902744785994-0.005760775346819986j),(0.005047672556417938+0.03461705960535311j),(-0.02343287168593733+0.00550143574968768j),(0.02072850130742973-0.023283679975945024j),(0.007056433494761051+0.019463238733798568j),(0.005695821670549967+0.02192482761438569j),(-0.035378122798318576-0.06433208196189241j),(0.061357327460797806+0.047204988922031746j),(0.03034745220324317-0.0022083560021879064j),(-0.18675286202983019+0.043932762295165025j),(0.3076615003561134-0.18949442302403915j),(-0.24365136038407495+0.3308685826376664j),(0.08371373163545794-0.3240262872739642j),(0.040696677608513046+0.1642025050281081j)
Y_N_c,2450,(-0.0016134680778095278-0.001998278013600461j),(-0.0016772129401951912-0.0091368345072455j),(-0.0011394025200243988-0.0008537567425878543j),(0.0006559848140228906+0.007312063654331171j),(-0.006492362381948344-0.010946846454637869j),(0.007457923382520704-0.0030986404606610706j),(0.016933856712720546-0.012742818435272495j),(-0.018175862717959092-0.003734483163690125j),(0.004881291497013359-0.0272942141422702j),(0.013817125345808808-0.023328396954099953j),(0.031106417760803+0.019849822944060264j),(-0.007868061217042902+0.017742586825438476j),(-0.023716662177787912+0.00237211233080513j),(0.003612728162431367-0.021894422294897017j),(-0.008647308499973033-0.006548747553824396j),(0.0044193650534796285-0.013110641566792187j),(0.016038211262037867-0.03446698903729453j),(-0.00012776466810532523+0.02895318676176006j),(0.00025958949607750694+0.006698068091182013j),(-0.04042045875477285-0.05738619970010304j),(0.06393452859396975+0.03336030614188727j),(0.017508654161176106-0.00882652241740705j),(-0.1756704823025316+0.03577925528144232j),(0.2832884445068038-0.1969687465034297j),(-0.228780676107323+0.3243410385547205j),(0.06980340552841965-0.3242909310153386j)
Y_N_c,2550,(-0.0005028445770975355+0.0025880271354720343j),(-0.00618834391445666+0.0033107927698396377j),(-0.006408493938202885+0.0036040242763675165j),(-0.0013979780616829936-0.003590680516058057j),(-0.003091986029874264+0.0024720849758872072j),(-0.010682954814884738+0.010445199363414141j),(-0.010145738118498806+0.006295951770308602j),(0.011257923330279977+0.0052332703687773645j),(-0.00532574395043664+0.01200110254765408j),(-0.01831650513702103+0.01781212415399035j),(-0.019089349812491357-0.004725691237835616j),(-0.025145652496253442-0.00856992239021856j),(0.0013446181985127732-0.00817302890914408j),(0.01097249990271773-0.008565021282453596j),(0.02076310988843133+0.022003886727012718j),(-0.02866089320420582+0.016383564932375527j),(-0.02711902701257598+0.009004175592231744j),(0.014989323397136644-0.036554827408432335j),(-0.007959487431880416+0.037242497189562844j),(0.006550379961614642+0.012689626430026118j),(-0.054666174250299925-0.05436758091975915j),(0.06309470838292339+0.04354026398884865j),(0.004606672778554857-0.004849762054487753j),(-0.17574614923261314+0.05584954557832771j),(0.2675757622106622-0.19558427674731682j),(-0.22512581513756919+0.3298656177115334j)
I_N_c,0,(-0.08719613875563681+0.04005648952505414j),(-3.441780975696336+35.71020410884045j),(33.16370179715684-31.26241070279556j),(-30.514803155663188-4.388663712298982j),(-4.078452358764916+15.495398239144457j),(20.282750459889318+6.080619753574307j),(-4.480058911865443-17.859786323112345j),(-8.217844670341659+3.4320189772527967j),(-0.09442870872345921+9.52916630385948j),(8.814895854825476-4.204211134763492j),(-3.421182176358577-3.49432003048954j),(-3.858495251738317+0.6984372963362824j),(2.36781117363538+3.8508674576504838j),(1.2399604331603578-1.9687687662514595j),(-0.41980229681433456-1.2187849817899947j),(-1.2629551511391022+0.8640940963309375j),(0.6336060923517204+0.2807155172576953j),(0.15491133953203046-0.07988976630372141j),(0.0042762149240742064+0.002841157900450725j),(0.08838991137588287-0.2412795946833977j),(-0.1284440708473657-0.1537618876073988j),(-0.52421107611206+0.3573787017210758j),(0.6638391058666634+0.20959240108120902j),(0.1506729426376315-0.21484757775530386j),(-0.39430154416622365-0.6289287642340105j),(-0.22775237753193436+0.7420811264813908j)
Y_N_uc,0,(-0.09060063659686347-0.02208206423523416j),(-0.3145812587738015-0.4030580344039995j),(-0.21002287002517367+0.06057626298456015j),(-0.3477352908140404-0.07249612917156853j),(-0.37460298198629927+0.014826408900911355j),(-0.27259946209558955+0.08125871580583385j),(-0.2923833372124961+0.048191639850590086j),(-0.30137571430790133+0.07850722960933325j),(-0.28542571129518624+0.11497450879493892j),(-0.27426014311849+0.1005437120161669j),(-0.27365229960904836+0.10561909431215916j),(-0.2787913851565287+0.12625333097414554j),(-0.2665719540895097+0.1358733873949802j),(-0.26572163066910826+0.13583215738077076j),(-0.26401966723998843+0.14172244524568625j),(-0.25715660258482115+0.153308343338182j),(-0.25725021987313396+0.16210597041389818j),(-0.25316172841293766+0.16429413795537612j),(-0.2468896133182718+0.16961285085406522j),(-0.24279407281332652+0.1789152021483449j),(-0.24169253330986426+0.18417420733008927j),(-0.23484493700944972+0.18612592188469493j),(-0.22866579786658806+0.18931670326315017j),(-0.22598748884724792+0.19586112538687844j),(-0.22130065877052157+0.19916129185206832j),(-0.21487718291144367+0.2033215965740952j)
I_N_uc,0,(-0.08719613875565102+0.040056489525055916j),(-18.88928987532192-22.2550979473941j),(7.2823954269878275+17.81329373212909j),(6.046378828981561-1.7537763394251664j),(-0.09386362644569157+1.9579961365717158j),(6.536120669697626+6.659208025024683j),(6.850259336537475+0.7473540724137212j),(5.39474663545477+0.45796823877636295j),(5.438692525952314+1.804790867298316j),(5.982433968174805-0.15733452231145653j),(5.66796787836391-1.2317030139858494j),(4.657734310595909-1.1387012655316309j),(4.726651130168996-1.0766828826323678j),(4.245073488335591-1.8885950022281033j),(3.76767689378943-2.23034145823923j),(3.60512154541194-2.0077796943914485j),(2.9427902118179246-2.064698802203446j),(2.6322168279559452-2.34808330812241j),(2.4636787192030694-2.326019733807658j),(2.1394533745274993-2.156055716552639j),(1.6458699241140273-2.148648191327855j),(1.5593383070516271-2.2317377475436646j),(1.4460433783342959-2.163838266192145j),(1.0512785482607239-1.9470010198077332j),(0.8726741481023632-1.9352015221719758j),(0.7749920027979069-1.8668441229005732j)
